NPEFix,Chart,4,14,16,25,26
NPEFix,Math,70,91,98
NPEFix,Mockito,6
Nopol,Chart,4,5,9,13,17,21,25
Nopol,Closure,1,2,3,4,5,6,7,8,9,10,11,12,13,14,15,16,17,18,19,20,21,22,23,24,25,26,27,28,29,30,31,32,33,34,35,36,37,38,39,40,41,42,43,44,45,46,48,50,51,52,53,54,55,56,57,58,59,60,61,62,63,125,126,127,128,129,130,131,132,133
Nopol,Lang,44,46,51,53,55,58
Nopol,Math,2,4,7,18,20,24,33,41,42,49,50,58,69,73,76,78,80,81,82,85,87,88,105
Nopol,Time,14
DynaMoth,Chart,1,5,8,13,15,18,25
DynaMoth,Closure,1,2,3,4,7,11,12,13,17,19,20,21,22,23,24,25,26,27,28,29,31,32,33,35,36,45,46,48,53,59,60,62,63,64,68,70,71,72,75,76,77,78,109,111,115,125,126,129
DynaMoth,Lang,51,63
DynaMoth,Math,2,8,20,28,32,41,49,50,58,71,80,81,82,85,105
DynaMoth,Mockito,8
DynaMoth,Time,11
GenProg-A,Chart,1,3,5,12,13,25
GenProg-A,Closure,1,10,21,22,33,46,55,59,67,75,78,112,114,115,117,118,119,124,126,127,129,130
GenProg-A,Lang,7,55
GenProg-A,Math,2,8,22,28,31,40,49,50,70,73,80,81,85,95,103
jGenProg,Chart,1,3,5,7,13,15,25
jGenProg,Closure,21,22,115,126
jGenProg,Math,2,5,8,20,28,40,49,50,53,56,60,64,70,73,80,81,82,84,85,95
Kali-A,Chart,1,5,12,15,25,26
Kali-A,Closure,1,3,5,7,8,10,12,15,20,21,22,26,29,30,31,33,36,45,46,49,50,55,59,61,62,63,64,67,68,72,75,76,78,112,114,115,117,118,119,120,121,122,124,125,126,127,129,130,131,132,133
Kali-A,Lang,44,51
Kali-A,Math,2,8,28,31,32,49,50,80,81,84,85,95
Kali-A,Mockito,10
jKali,Chart,1,5,13,15,25
jKali,Closure,10,13,21,22,45,46,59,62,63,115,126,129
jKali,Math,8,20,28,32,49,80,81,82,84,85
ARJA,Chart,1,3,7,12,13,14,15,19,25
ARJA,Closure,1,3,7,8,10,12,15,20,21,22,31,33,45,46,55,59,67,68,75,78,112,114,115,116,117,118,119,120,121,124,125,126,127,129,130,132,133
ARJA,Lang,7,16,20,22,27,39,43,45,50,51,55,58,59,60,61,63
ARJA,Math,2,5,8,22,28,31,39,49,50,53,56,58,70,71,73,80,81,82,84,85,95,98,103
ARJA,Mockito,10
RSRepair-A,Chart,1,3,5,7,12,13,15,25
RSRepair-A,Closure,8,10,21,22,31,33,45,55,59,61,67,75,78,112,114,115,117,118,119,120,121,124,126,127,129,130,131
RSRepair-A,Lang,7,45,51,63
RSRepair-A,Math,2,5,8,28,31,39,49,50,53,56,58,60,68,70,71,73,74,80,81,84,85,95,103
Cardumen,Chart,1,6,11,13,24
Cardumen,Math,2,8,28,49,50,60,63,70,73,80,85,95
jMutRepair,Chart,1,7,25
jMutRepair,Closure,10,21,22,62,63,115,126
jMutRepair,Math,28,50,57,58,80,81,82,84,85,88
